Workbook

Sheet Read me
A1: anthonyis.uk redirect map
A3: What this is | B3: Every URL on the current site, what happens to it on the new site, and why. Source: the live WordPress sitemaps, 16 Oct 2026, plus URLs WordPress serves outside the sitemap. Rows found since are dated in the Added column, and the Changes tab lists every change.
A4: How we work through it | B4: I've proposed an action for every row. You only touch the yellow columns on the URL map tab. Leave 'Your decision' blank to accept my proposal. Pick Keep, 301, 410 or 404 to override. Add 'Your new URL' to change the destination.
A5: What happens next | B5: 1. You settle every 'Decide' row. 2. The Final columns become the site's redirect file (public/_redirects). 3. A test checks every row against the preview site, in one hop, before launch.
A7: Rules for the move
A8: 1. Same URL wherever possible | B8: Every change costs some ranking. The new platform can match any slug, so most rows are Keep.
A9: 2. One hop only | B9: Every old URL goes straight to its final URL. No chains, including the existing /shopify-expert-uk/ redirect.
A10: 3. Closest relevant page | B10: Never send removed pages to the homepage. Google treats that as a soft 404.
A11: 4. 410 for deliberate removals | B11: Tells Google the page is gone on purpose. Faster than a 404.
A12: 5. No other changes during the move | B12: No slug, title, H1 or meta changes in the same release. Do those later, one at a time.
A13: 6. Match today's format | B13: https, no www, trailing slash on every page.
A15: Status
A16: Total rows | B16: =COUNTA('URL map'!C2:C91) -> 90
A17: Final action: Keep | B17: =COUNTIF('URL map'!J2:J91,"Keep") -> 51
A18: Final action: 301 | B18: =COUNTIF('URL map'!J2:J91,"301") -> 12
A19: Final action: 410 | B19: =COUNTIF('URL map'!J2:J91,"410") -> 3
A20: Final action: 404 | B20: =COUNTIF('URL map'!J2:J91,"404") -> 1
A21: Final action: Decide | B21: =COUNTIF('URL map'!J2:J91,"Decide") -> 23

Sheet URL map
A1: # | B1: Section | C1: Current URL | D1: What it is | E1: Proposed action | F1: Proposed new URL | G1: Why | H1: Your decision | I1: Your new URL (optional) | J1: Final action | K1: Final URL | L1: GSC clicks (16 mo) | M1: Referring domains | N1: Added
A2: 1 | B2: Page | C2: / | D2: Homepage | E2: Keep | F2: / | G2: Main ranking page and AI shopfront. Never moves. | J2: =IF(H2="",E2,H2) -> Keep | K2: =IF(J2="410","",IF(J2="404","",IF(I2<>"",I2,F2))) -> / | N2: 16 Oct 2026
A3: 2 | B3: Page | C3: /shopify-website-design/ | D3: Services hub | E3: Keep | F3: /shopify-website-design/ | G3: Keep. New site drops the canonical to the homepage so it can index on its own. | J3: =IF(H3="",E3,H3) -> Keep | K3: =IF(J3="410","",IF(J3="404","",IF(I3<>"",I3,F3))) -> /shopify-website-design/ | N3: 16 Oct 2026
A4: 3 | B4: Page | C4: /shopify-website-design/bespoke-shopify-store-builds/ | D4: Service: Bespoke store design | E4: Keep | F4: /shopify-website-design/bespoke-shopify-store-builds/ | G4: Slug says 'builds' while the service is design. Still keep it: renaming a ranking page costs more than it gains. Revisit after launch. | J4: =IF(H4="",E4,H4) -> Keep | K4: =IF(J4="410","",IF(J4="404","",IF(I4<>"",I4,F4))) -> /shopify-website-design/bespoke-shopify-store-builds/ | N4: 16 Oct 2026
A5: 4 | B5: Page | C5: /shopify-website-design/shopify-theme-customisation/ | D5: Service: Theme customisations | E5: Keep | F5: /shopify-website-design/shopify-theme-customisation/ | J5: =IF(H5="",E5,H5) -> Keep | K5: =IF(J5="410","",IF(J5="404","",IF(I5<>"",I5,F5))) -> /shopify-website-design/shopify-theme-customisation/ | N5: 16 Oct 2026
A6: 5 | B6: Page | C6: /shopify-website-design/shopify-migration/ | D6: Service: Migrations | E6: Keep | F6: /shopify-website-design/shopify-migration/ | G6: Internal link target in case studies. | J6: =IF(H6="",E6,H6) -> Keep | K6: =IF(J6="410","",IF(J6="404","",IF(I6<>"",I6,F6))) -> /shopify-website-design/shopify-migration/ | N6: 16 Oct 2026
A7: 6 | B7: Page | C7: /shopify-website-design/shopify-conversion-rate-optimisation/ | D7: Service: Shopify CRO | E7: Keep | F7: /shopify-website-design/shopify-conversion-rate-optimisation/ | J7: =IF(H7="",E7,H7) -> Keep | K7: =IF(J7="410","",IF(J7="404","",IF(I7<>"",I7,F7))) -> /shopify-website-design/shopify-conversion-rate-optimisation/ | N7: 16 Oct 2026
A8: 7 | B8: Page | C8: /shopify-website-design/shopify-subscriptions/ | D8: Service: Subscriptions | E8: Keep | F8: /shopify-website-design/shopify-subscriptions/ | J8: =IF(H8="",E8,H8) -> Keep | K8: =IF(J8="410","",IF(J8="404","",IF(I8<>"",I8,F8))) -> /shopify-website-design/shopify-subscriptions/ | N8: 16 Oct 2026
A9: 8 | B9: Page | C9: /shopify-website-design/shopify-ai-search-design/ | D9: AI search design page | E9: Keep | F9: /shopify-website-design/shopify-ai-search-design/ | G9: Slug already agreed. | J9: =IF(H9="",E9,H9) -> Keep | K9: =IF(J9="410","",IF(J9="404","",IF(I9<>"",I9,F9))) -> /shopify-website-design/shopify-ai-search-design/ | N9: 16 Oct 2026
A10: 9 | B10: Page | C10: /shopify-website-design/shopify-design-for-dtc-brands/ | D10: DTC brands page | E10: Decide | F10: /shopify-website-design/ | G10: Not one of the eight services, and not on the new site. Keep as an audience landing page, or 301 to the hub. Check its clicks first. 23 Oct: five articles link to it (Shopify UX review, product card design, agentic storefronts, how to design a Shopify website, what DTC brands should look for). Once decided, those links get pointed at the final URL so none hops. | J10: =IF(H10="",E10,H10) -> Decide | K10: =IF(J10="410","",IF(J10="404","",IF(I10<>"",I10,F10))) -> /shopify-website-design/ | N10: 16 Oct 2026
A11: 10 | B11: Page | C11: /freelance-brand-designer/ | D11: Brand designer page | E11: Decide | F11: /shopify-website-design/shopify-branding/ | G11: Maps to the Branding service. Either this URL becomes the Branding page, or 301 it to a new page under the hub. New URL is a placeholder. | J11: =IF(H11="",E11,H11) -> Decide | K11: =IF(J11="410","",IF(J11="404","",IF(I11<>"",I11,F11))) -> /shopify-website-design/shopify-branding/ | N11: 16 Oct 2026
A12: 11 | B12: Page | C12: /freelance-ux-ui-designer/ | D12: UX/UI designer page | E12: Decide | F12: /shopify-website-design/shopify-ux-design/ | G12: Maps to the UX design service. Protect 'Shopify UX designer' rankings. New URL is a placeholder. | J12: =IF(H12="",E12,H12) -> Decide | K12: =IF(J12="410","",IF(J12="404","",IF(I12<>"",I12,F12))) -> /shopify-website-design/shopify-ux-design/ | N12: 16 Oct 2026
A13: 12 | B13: Page | C13: /freelance-motion-graphics-designer/ | D13: Motion graphics page | E13: Decide | F13: /about/ | G13: Off positioning. 301 to About if it has links or clicks, otherwise 410. | J13: =IF(H13="",E13,H13) -> Decide | K13: =IF(J13="410","",IF(J13="404","",IF(I13<>"",I13,F13))) -> /about/ | N13: 16 Oct 2026
A14: 13 | B14: Page | C14: /work/ | D14: Work page | E14: Keep | F14: /work/ | J14: =IF(H14="",E14,H14) -> Keep | K14: =IF(J14="410","",IF(J14="404","",IF(I14<>"",I14,F14))) -> /work/ | N14: 16 Oct 2026
A15: 14 | B15: Page | C15: /about/ | D15: About | E15: Keep | F15: /about/ | J15: =IF(H15="",E15,H15) -> Keep | K15: =IF(J15="410","",IF(J15="404","",IF(I15<>"",I15,F15))) -> /about/ | N15: 16 Oct 2026
A16: 15 | B16: Page | C16: /articles/ | D16: Articles index | E16: Keep | F16: /articles/ | J16: =IF(H16="",E16,H16) -> Keep | K16: =IF(J16="410","",IF(J16="404","",IF(I16<>"",I16,F16))) -> /articles/ | N16: 16 Oct 2026
A17: 16 | B17: Page | C17: /testimonials/ | D17: Testimonials | E17: Decide | F17: /testimonials/ | G17: Keep, or fold into the transparency page. Either way, drop the chatgpt UTM link pointing here. | J17: =IF(H17="",E17,H17) -> Decide | K17: =IF(J17="410","",IF(J17="404","",IF(I17<>"",I17,F17))) -> /testimonials/ | N17: 16 Oct 2026
A18: 17 | B18: Page | C18: /contact/ | D18: Contact | E18: Keep | F18: /contact/ | J18: =IF(H18="",E18,H18) -> Keep | K18: =IF(J18="410","",IF(J18="404","",IF(I18<>"",I18,F18))) -> /contact/ | N18: 16 Oct 2026
A19: 18 | B19: Article | C19: /articles/how-to-design-a-shopify-website-2026/ | D19: How to design a Shopify website | E19: Keep | F19: /articles/how-to-design-a-shopify-website-2026/ | J19: =IF(H19="",E19,H19) -> Keep | K19: =IF(J19="410","",IF(J19="404","",IF(I19<>"",I19,F19))) -> /articles/how-to-design-a-shopify-website-2026/ | N19: 16 Oct 2026
A20: 19 | B20: Article | C20: /articles/what-to-look-for-hiring-shopify-designer/ | D20: What to look for hiring a Shopify designer | E20: Keep | F20: /articles/what-to-look-for-hiring-shopify-designer/ | J20: =IF(H20="",E20,H20) -> Keep | K20: =IF(J20="410","",IF(J20="404","",IF(I20<>"",I20,F20))) -> /articles/what-to-look-for-hiring-shopify-designer/ | N20: 16 Oct 2026
A21: 20 | B21: Article | C21: /articles/shopify-product-card-design/ | D21: Shopify product card design | E21: Keep | F21: /articles/shopify-product-card-design/ | J21: =IF(H21="",E21,H21) -> Keep | K21: =IF(J21="410","",IF(J21="404","",IF(I21<>"",I21,F21))) -> /articles/shopify-product-card-design/ | N21: 16 Oct 2026
A22: 21 | B22: Article | C22: /articles/voice-search-optimisation-for-shopify-stores-a-complete-2025-guide/ | D22: Voice search optimisation | E22: Keep | F22: /articles/voice-search-optimisation-for-shopify-stores-a-complete-2025-guide/ | G22: Keep the year in the slug. Change slugs later, one at a time, never during the move. | J22: =IF(H22="",E22,H22) -> Keep | K22: =IF(J22="410","",IF(J22="404","",IF(I22<>"",I22,F22))) -> /articles/voice-search-optimisation-for-shopify-stores-a-complete-2025-guide/ | N22: 16 Oct 2026
A23: 22 | B23: Article | C23: /articles/shopify-agentic-storefronts/ | D23: Shopify agentic storefronts | E23: Keep | F23: /articles/shopify-agentic-storefronts/ | J23: =IF(H23="",E23,H23) -> Keep | K23: =IF(J23="410","",IF(J23="404","",IF(I23<>"",I23,F23))) -> /articles/shopify-agentic-storefronts/ | N23: 16 Oct 2026
A24: 23 | B24: Article | C24: /articles/generative-engine-optimisation-shopify/ | D24: Generative engine optimisation | E24: Keep | F24: /articles/generative-engine-optimisation-shopify/ | J24: =IF(H24="",E24,H24) -> Keep | K24: =IF(J24="410","",IF(J24="404","",IF(I24<>"",I24,F24))) -> /articles/generative-engine-optimisation-shopify/ | N24: 16 Oct 2026
A25: 24 | B25: Article | C25: /articles/shortlisted-uk-ecommerce-awards-2026/ | D25: Awards article | E25: Keep | F25: /articles/shortlisted-uk-ecommerce-awards-2026/ | J25: =IF(H25="",E25,H25) -> Keep | K25: =IF(J25="410","",IF(J25="404","",IF(I25<>"",I25,F25))) -> /articles/shortlisted-uk-ecommerce-awards-2026/ | N25: 16 Oct 2026
A26: 25 | B26: Article | C26: /articles/25-biggest-brands-using-shopify-in-2025/ | D26: 25 Biggest Brands | E26: Keep | F26: /articles/25-biggest-brands-using-shopify-in-2025/ | G26: Keep the 2025 slug at launch: second biggest AI citation earner, and AI tools keep citing old URLs (Articles strategy doc, 22 Oct). | J26: =IF(H26="",E26,H26) -> Keep | K26: =IF(J26="410","",IF(J26="404","",IF(I26<>"",I26,F26))) -> /articles/25-biggest-brands-using-shopify-in-2025/ | N26: 16 Oct 2026
A27: 26 | B27: Article | C27: /articles/good-conversion-rate-shopify/ | D27: What is a good conversion rate | E27: Keep | F27: /articles/good-conversion-rate-shopify/ | J27: =IF(H27="",E27,H27) -> Keep | K27: =IF(J27="410","",IF(J27="404","",IF(I27<>"",I27,F27))) -> /articles/good-conversion-rate-shopify/ | N27: 16 Oct 2026
A28: 27 | B28: Article | C28: /articles/how-to-increase-conversion-rates-on-your-shopify-store/ | D28: How to increase conversion rates | E28: Keep | F28: /articles/how-to-increase-conversion-rates-on-your-shopify-store/ | J28: =IF(H28="",E28,H28) -> Keep | K28: =IF(J28="410","",IF(J28="404","",IF(I28<>"",I28,F28))) -> /articles/how-to-increase-conversion-rates-on-your-shopify-store/ | N28: 16 Oct 2026
A29: 28 | B29: Article | C29: /articles/strategies-for-your-homeware-lifestyle-shopify-store/ | D29: Homeware and lifestyle strategies | E29: Keep | F29: /articles/strategies-for-your-homeware-lifestyle-shopify-store/ | J29: =IF(H29="",E29,H29) -> Keep | K29: =IF(J29="410","",IF(J29="404","",IF(I29<>"",I29,F29))) -> /articles/strategies-for-your-homeware-lifestyle-shopify-store/ | N29: 16 Oct 2026
A30: 29 | B30: Article | C30: /articles/microinteractions-in-shopify-website-design/ | D30: Microinteractions | E30: Keep | F30: /articles/microinteractions-in-shopify-website-design/ | J30: =IF(H30="",E30,H30) -> Keep | K30: =IF(J30="410","",IF(J30="404","",IF(I30<>"",I30,F30))) -> /articles/microinteractions-in-shopify-website-design/ | N30: 16 Oct 2026
A31: 30 | B31: Article | C31: /articles/shopify-vs-shopify-plus/ | D31: Shopify vs Shopify Plus | E31: Keep | F31: /articles/shopify-vs-shopify-plus/ | G31: Proven lead source. Keep. | J31: =IF(H31="",E31,H31) -> Keep | K31: =IF(J31="410","",IF(J31="404","",IF(I31<>"",I31,F31))) -> /articles/shopify-vs-shopify-plus/ | N31: 16 Oct 2026
A32: 31 | B32: Article | C32: /articles/why-off-the-shelf-shopify-themes-hold-stores-back-in-2025/ | D32: Off-the-shelf themes | E32: Keep | F32: /articles/why-off-the-shelf-shopify-themes-hold-stores-back-in-2025/ | G32: Keep the year in the slug. Change slugs later, one at a time, never during the move. | J32: =IF(H32="",E32,H32) -> Keep | K32: =IF(J32="410","",IF(J32="404","",IF(I32<>"",I32,F32))) -> /articles/why-off-the-shelf-shopify-themes-hold-stores-back-in-2025/ | N32: 16 Oct 2026
A33: 32 | B33: Article | C33: /articles/product-comparisons-for-shopify-stores-how-better-ux-boosts-conversions/ | D33: Product comparisons | E33: Keep | F33: /articles/product-comparisons-for-shopify-stores-how-better-ux-boosts-conversions/ | J33: =IF(H33="",E33,H33) -> Keep | K33: =IF(J33="410","",IF(J33="404","",IF(I33<>"",I33,F33))) -> /articles/product-comparisons-for-shopify-stores-how-better-ux-boosts-conversions/ | N33: 16 Oct 2026
A34: 33 | B34: Article | C34: /articles/shopify-collabs-in-2025-harnessing-the-creator-economy-for-growth/ | D34: Shopify Collabs | E34: Keep | F34: /articles/shopify-collabs-in-2025-harnessing-the-creator-economy-for-growth/ | G34: Keep the year in the slug. Change slugs later, one at a time, never during the move. | J34: =IF(H34="",E34,H34) -> Keep | K34: =IF(J34="410","",IF(J34="404","",IF(I34<>"",I34,F34))) -> /articles/shopify-collabs-in-2025-harnessing-the-creator-economy-for-growth/ | N34: 16 Oct 2026
A35: 34 | B35: Article | C35: /articles/what-makes-a-good-landing-page/ | D35: What makes a good landing page | E35: Keep | F35: /articles/what-makes-a-good-landing-page/ | J35: =IF(H35="",E35,H35) -> Keep | K35: =IF(J35="410","",IF(J35="404","",IF(I35<>"",I35,F35))) -> /articles/what-makes-a-good-landing-page/ | N35: 16 Oct 2026
A36: 35 | B36: Article | C36: /articles/why-conversion-rate-optimisation-is-still-a-human-skill/ | D36: CRO is still a human skill | E36: Keep | F36: /articles/why-conversion-rate-optimisation-is-still-a-human-skill/ | J36: =IF(H36="",E36,H36) -> Keep | K36: =IF(J36="410","",IF(J36="404","",IF(I36<>"",I36,F36))) -> /articles/why-conversion-rate-optimisation-is-still-a-human-skill/ | N36: 16 Oct 2026
A37: 36 | B37: Article | C37: /articles/what-is-a-shopify-partner/ | D37: What is a Shopify Partner | E37: Keep | F37: /articles/what-is-a-shopify-partner/ | J37: =IF(H37="",E37,H37) -> Keep | K37: =IF(J37="410","",IF(J37="404","",IF(I37<>"",I37,F37))) -> /articles/what-is-a-shopify-partner/ | N37: 16 Oct 2026
A38: 37 | B38: Article | C38: /articles/benefits-of-shopify-plus/ | D38: Benefits of Shopify Plus | E38: Keep | F38: /articles/benefits-of-shopify-plus/ | J38: =IF(H38="",E38,H38) -> Keep | K38: =IF(J38="410","",IF(J38="404","",IF(I38<>"",I38,F38))) -> /articles/benefits-of-shopify-plus/ | N38: 16 Oct 2026
A39: 38 | B39: Article | C39: /articles/klaviyo-pricing-2026-complete-breakdown-for-shopify-stores/ | D39: Klaviyo pricing | E39: Keep | F39: /articles/klaviyo-pricing-2026-complete-breakdown-for-shopify-stores/ | J39: =IF(H39="",E39,H39) -> Keep | K39: =IF(J39="410","",IF(J39="404","",IF(I39<>"",I39,F39))) -> /articles/klaviyo-pricing-2026-complete-breakdown-for-shopify-stores/ | N39: 16 Oct 2026
A40: 39 | B40: Article | C40: /articles/what-dtc-brands-should-look-for-shopify-designer/ | D40: What DTC brands should look for | E40: Keep | F40: /articles/what-dtc-brands-should-look-for-shopify-designer/ | J40: =IF(H40="",E40,H40) -> Keep | K40: =IF(J40="410","",IF(J40="404","",IF(I40<>"",I40,F40))) -> /articles/what-dtc-brands-should-look-for-shopify-designer/ | N40: 16 Oct 2026
A41: 40 | B41: Article | C41: /articles/shopify-pricing-2026/ | D41: Shopify pricing | E41: Keep | F41: /articles/shopify-pricing-2026/ | J41: =IF(H41="",E41,H41) -> Keep | K41: =IF(J41="410","",IF(J41="404","",IF(I41<>"",I41,F41))) -> /articles/shopify-pricing-2026/ | N41: 16 Oct 2026
A42: 41 | B42: Article | C42: /articles/shopify-ux-review/ | D42: Shopify UX review | E42: Keep | F42: /articles/shopify-ux-review/ | J42: =IF(H42="",E42,H42) -> Keep | K42: =IF(J42="410","",IF(J42="404","",IF(I42<>"",I42,F42))) -> /articles/shopify-ux-review/ | N42: 16 Oct 2026
A43: 42 | B43: Case study | C43: /portfolio/projektityyny-shopify-website-design-case-study/ | D43: Projektityyny | E43: Keep | F43: /portfolio/projektityyny-shopify-website-design-case-study/ | J43: =IF(H43="",E43,H43) -> Keep | K43: =IF(J43="410","",IF(J43="404","",IF(I43<>"",I43,F43))) -> /portfolio/projektityyny-shopify-website-design-case-study/ | N43: 16 Oct 2026
A44: 43 | B44: Case study | C44: /portfolio/hartnack-and-co-shopify-website-design-case-study/ | D44: Hartnack & Co | E44: Keep | F44: /portfolio/hartnack-and-co-shopify-website-design-case-study/ | J44: =IF(H44="",E44,H44) -> Keep | K44: =IF(J44="410","",IF(J44="404","",IF(I44<>"",I44,F44))) -> /portfolio/hartnack-and-co-shopify-website-design-case-study/ | N44: 16 Oct 2026
A45: 44 | B45: Case study | C45: /portfolio/east-at-home-shopify-website-design-case-study/ | D45: East at Home | E45: Keep | F45: /portfolio/east-at-home-shopify-website-design-case-study/ | G45: Award winner. Highest priority. | J45: =IF(H45="",E45,H45) -> Keep | K45: =IF(J45="410","",IF(J45="404","",IF(I45<>"",I45,F45))) -> /portfolio/east-at-home-shopify-website-design-case-study/ | N45: 16 Oct 2026
A46: 45 | B46: Case study | C46: /portfolio/drink-finder-shopify-website-design-case-study/ | D46: Drink Finder | E46: Keep | F46: /portfolio/drink-finder-shopify-website-design-case-study/ | G46: Award winner. Highest priority. | J46: =IF(H46="",E46,H46) -> Keep | K46: =IF(J46="410","",IF(J46="404","",IF(I46<>"",I46,F46))) -> /portfolio/drink-finder-shopify-website-design-case-study/ | N46: 16 Oct 2026
A47: 46 | B47: Case study | C47: /portfolio/fuzzball-shopify-website-design-case-study/ | D47: Fuzzball | E47: Keep | F47: /portfolio/fuzzball-shopify-website-design-case-study/ | J47: =IF(H47="",E47,H47) -> Keep | K47: =IF(J47="410","",IF(J47="404","",IF(I47<>"",I47,F47))) -> /portfolio/fuzzball-shopify-website-design-case-study/ | N47: 16 Oct 2026
A48: 47 | B48: Case study | C48: /portfolio/thameen-london-shopify-website-design-case-study/ | D48: Thameen London | E48: Keep | F48: /portfolio/thameen-london-shopify-website-design-case-study/ | J48: =IF(H48="",E48,H48) -> Keep | K48: =IF(J48="410","",IF(J48="404","",IF(I48<>"",I48,F48))) -> /portfolio/thameen-london-shopify-website-design-case-study/ | N48: 16 Oct 2026
A49: 48 | B49: Case study | C49: /portfolio/whistlefish-2-0-shopify-website-design-case-study/ | D49: Whistlefish 2.0 | E49: Keep | F49: /portfolio/whistlefish-2-0-shopify-website-design-case-study/ | J49: =IF(H49="",E49,H49) -> Keep | K49: =IF(J49="410","",IF(J49="404","",IF(I49<>"",I49,F49))) -> /portfolio/whistlefish-2-0-shopify-website-design-case-study/ | N49: 16 Oct 2026
A50: 49 | B50: Case study | C50: /portfolio/east-west-apparel-shopify-website-design-case-study/ | D50: East West Apparel | E50: Keep | F50: /portfolio/east-west-apparel-shopify-website-design-case-study/ | J50: =IF(H50="",E50,H50) -> Keep | K50: =IF(J50="410","",IF(J50="404","",IF(I50<>"",I50,F50))) -> /portfolio/east-west-apparel-shopify-website-design-case-study/ | N50: 16 Oct 2026
A51: 50 | B51: Case study | C51: /portfolio/window-fleur-shopify-case-study/ | D51: Window Fleur | E51: Keep | F51: /portfolio/window-fleur-shopify-case-study/ | G51: Older slug format. Keep it rather than rename. | J51: =IF(H51="",E51,H51) -> Keep | K51: =IF(J51="410","",IF(J51="404","",IF(I51<>"",I51,F51))) -> /portfolio/window-fleur-shopify-case-study/ | N51: 16 Oct 2026
A52: 51 | B52: Case study | C52: /portfolio/wide-fit-shoes-shopify-case-study/ | D52: Wide Fit Shoes | E52: Keep | F52: /portfolio/wide-fit-shoes-shopify-case-study/ | G52: Older slug format. Keep it rather than rename. | J52: =IF(H52="",E52,H52) -> Keep | K52: =IF(J52="410","",IF(J52="404","",IF(I52<>"",I52,F52))) -> /portfolio/wide-fit-shoes-shopify-case-study/ | N52: 16 Oct 2026
A53: 52 | B53: Case study | C53: /portfolio/dr-lipp-shopify-website-case-study/ | D53: Dr Lipp | E53: Keep | F53: /portfolio/dr-lipp-shopify-website-case-study/ | G53: Older slug format. Keep it rather than rename. | J53: =IF(H53="",E53,H53) -> Keep | K53: =IF(J53="410","",IF(J53="404","",IF(I53<>"",I53,F53))) -> /portfolio/dr-lipp-shopify-website-case-study/ | N53: 16 Oct 2026
A54: 53 | B54: Case study | C54: /portfolio/whistlefish/ | D54: Whistlefish (original) | E54: Decide | F54: /portfolio/whistlefish-2-0-shopify-website-design-case-study/ | G54: Superseded by 2.0. 301 to it unless you want both. | J54: =IF(H54="",E54,H54) -> Decide | K54: =IF(J54="410","",IF(J54="404","",IF(I54<>"",I54,F54))) -> /portfolio/whistlefish-2-0-shopify-website-design-case-study/ | N54: 16 Oct 2026
A55: 54 | B55: Case study | C55: /portfolio/dyson-cinetic/ | D55: Dyson Cinetic | E55: Decide | F55: /work/ | G55: Dyson is strong proof. Keep, or 301 to Work if it won't move to the new site. | J55: =IF(H55="",E55,H55) -> Decide | K55: =IF(J55="410","",IF(J55="404","",IF(I55<>"",I55,F55))) -> /work/ | N55: 16 Oct 2026
A56: 55 | B56: Case study | C56: /portfolio/dyson-american-uprights/ | D56: Dyson American uprights | E56: Decide | F56: /work/ | G56: As above. | J56: =IF(H56="",E56,H56) -> Decide | K56: =IF(J56="410","",IF(J56="404","",IF(I56<>"",I56,F56))) -> /work/ | N56: 16 Oct 2026
A57: 56 | B57: Case study | C57: /portfolio/wrangler-ao22/ | D57: Wrangler AO22 | E57: Decide | F57: /work/ | G57: Keep, or 301 to Work. | J57: =IF(H57="",E57,H57) -> Decide | K57: =IF(J57="410","",IF(J57="404","",IF(I57<>"",I57,F57))) -> /work/ | N57: 16 Oct 2026
A58: 57 | B58: Case study | C58: /portfolio/wrangler-womens-heritage/ | D58: Wrangler Women's Heritage | E58: Decide | F58: /work/ | G58: Keep, or 301 to Work. | J58: =IF(H58="",E58,H58) -> Decide | K58: =IF(J58="410","",IF(J58="404","",IF(I58<>"",I58,F58))) -> /work/ | N58: 16 Oct 2026
A59: 58 | B59: Case study | C59: /portfolio/chop-chop/ | D59: Chop Chop identity | E59: Decide | F59: /freelance-brand-designer/ | G59: Branding work. Keep, or 301 to the Branding page (follows row 10 if that page moves). | J59: =IF(H59="",E59,H59) -> Decide | K59: =IF(J59="410","",IF(J59="404","",IF(I59<>"",I59,F59))) -> /freelance-brand-designer/ | N59: 16 Oct 2026
A60: 59 | B60: Case study | C60: /portfolio/spicy-guru/ | D60: Spicy Guru logo | E60: Decide | F60: /freelance-brand-designer/ | G60: Branding work. Keep, or 301 to the Branding page (follows row 10 if that page moves). | J60: =IF(H60="",E60,H60) -> Decide | K60: =IF(J60="410","",IF(J60="404","",IF(I60<>"",I60,F60))) -> /freelance-brand-designer/ | N60: 16 Oct 2026
A61: 60 | B61: Case study | C61: /portfolio/the-brand-manual/ | D61: The Brand Manual | E61: Decide | F61: /freelance-brand-designer/ | G61: Branding work. Keep, or 301 to the Branding page (follows row 10 if that page moves). | J61: =IF(H61="",E61,H61) -> Decide | K61: =IF(J61="410","",IF(J61="404","",IF(I61<>"",I61,F61))) -> /freelance-brand-designer/ | N61: 16 Oct 2026
A62: 61 | B62: Case study | C62: /portfolio/milson-place/ | D62: Milson Place | E62: Decide | F62: /freelance-brand-designer/ | G62: Branding work. Keep, or 301 to the Branding page (follows row 10 if that page moves). | J62: =IF(H62="",E62,H62) -> Decide | K62: =IF(J62="410","",IF(J62="404","",IF(I62<>"",I62,F62))) -> /freelance-brand-designer/ | N62: 16 Oct 2026
... A66: 65 | B66: Not in sitemap | C66: /shopify-expert-uk/ | D66: Old page, already redirected | E66: 301 | F66: / | G66: Existing 301. Keep forever: AI models still cite it and it converts. Already in the new site's redirect file. | J66: =IF(H66="",E66,H66) -> 301 | K66: =IF(J66="410","",IF(J66="404","",IF(I66<>"",I66,F66))) -> / | N66: 16 Oct 2026
A67: 66 | B67: Not in sitemap | C67: Inlight Beauty case study (confirm slug) | D67: Removed at former employer's request | E67: 410 | G67: Must keep returning 410. Confirm exact slug in WordPress. | J67: =IF(H67="",E67,H67) -> 410 | K67: =IF(J67="410","",IF(J67="404","",IF(I67<>"",I67,F67))) | N67: 16 Oct 2026
A68: 67 | B68: Not in sitemap | C68: Stovefitter's Warehouse case study (confirm slug) | D68: Removed at former employer's request | E68: 410 | G68: Must keep returning 410. Confirm exact slug in WordPress. | J68: =IF(H68="",E68,H68) -> 410 | K68: =IF(J68="410","",IF(J68="404","",IF(I68<>"",I68,F68))) | N68: 16 Oct 2026
A69: 68 | B69: Not in sitemap | C69: /portfolio/ | D69: Case study archive, if WordPress serves one | E69: 301 | F69: /work/ | G69: Check whether it resolves today. | J69: =IF(H69="",E69,H69) -> 301 | K69: =IF(J69="410","",IF(J69="404","",IF(I69<>"",I69,F69))) -> /work/ | N69: 16 Oct 2026
A70: 69 | B70: Not in sitemap | C70: /articles/page/2/ (and later pages) | D70: Articles pagination | E70: Keep | F70: /articles/page/2/ | G70: 23 Oct: the new articles page uses the same address for page 2 and on (24 per page), so these can stay. Today all 24 articles fit on one page, so /articles/page/2/ doesn't exist yet: 301 it to /articles/ until it does. | J70: =IF(H70="",E70,H70) -> Keep | K70: =IF(J70="410","",IF(J70="404","",IF(I70<>"",I70,F70))) -> /articles/page/2/ | N70: 16 Oct 2026
A71: 70 | B71: Not in sitemap | C71: /category/* | D71: Blog categories | E71: 301 | F71: /articles/ | G71: Pattern rule. | J71: =IF(H71="",E71,H71) -> 301 | K71: =IF(J71="410","",IF(J71="404","",IF(I71<>"",I71,F71))) -> /articles/ | N71: 16 Oct 2026
A72: 71 | B72: Not in sitemap | C72: /tag/* | D72: Blog tags | E72: 301 | F72: /articles/ | G72: Pattern rule. | J72: =IF(H72="",E72,H72) -> 301 | K72: =IF(J72="410","",IF(J72="404","",IF(I72<>"",I72,F72))) -> /articles/ | N72: 16 Oct 2026
A73: 72 | B73: Not in sitemap | C73: /author/* | D73: Author archive | E73: 301 | F73: /about/ | G73: Pattern rule. Supports the Person entity. | J73: =IF(H73="",E73,H73) -> 301 | K73: =IF(J73="410","",IF(J73="404","",IF(I73<>"",I73,F73))) -> /about/ | N73: 16 Oct 2026
A74: 73 | B74: Not in sitemap | C74: /feed/ and /articles/feed/ | D74: RSS feeds | E74: Keep | F74: /feed/ | G74: Rebuild the feed at the same address so readers and aggregators keep working. | J74: =IF(H74="",E74,H74) -> Keep | K74: =IF(J74="410","",IF(J74="404","",IF(I74<>"",I74,F74))) -> /feed/ | N74: 16 Oct 2026
A75: 74 | B75: Not in sitemap | C75: Attachment pages | D75: Media attachment URLs indexed after the AIOSEO reset | E75: 410 | G75: Pattern rule. Check GSC for any still indexed. | J75: =IF(H75="",E75,H75) -> 410 | K75: =IF(J75="410","",IF(J75="404","",IF(I75<>"",I75,F75))) | N75: 16 Oct 2026
A76: 75 | B76: Not in sitemap | C76: /wp-content/uploads/* | D76: Images | E76: Decide | F76: /wp-content/uploads/* | G76: Keep old image paths live for any with backlinks or Google Images traffic. Otherwise let them go. | J76: =IF(H76="",E76,H76) -> Decide | K76: =IF(J76="410","",IF(J76="404","",IF(I76<>"",I76,F76))) -> /wp-content/uploads/* | N76: 16 Oct 2026
A77: 76 | B77: Not in sitemap | C77: /sitemap.xml | D77: Sitemap index | E77: Keep | F77: /sitemap.xml | G77: Serve the new sitemap at the same address. | J77: =IF(H77="",E77,H77) -> Keep | K77: =IF(J77="410","",IF(J77="404","",IF(I77<>"",I77,F77))) -> /sitemap.xml | N77: 16 Oct 2026
A78: 77 | B78: Not in sitemap | C78: /robots.txt | D78: Robots file | E78: Keep | F78: /robots.txt | G78: Check it doesn't block AI crawlers you want. | J78: =IF(H78="",E78,H78) -> Keep | K78: =IF(J78="410","",IF(J78="404","",IF(I78<>"",I78,F78))) -> /robots.txt | N78: 16 Oct 2026
A79: 78 | B79: Not in sitemap | C79: /wp-admin/, /wp-login.php, /xmlrpc.php | D79: WordPress system URLs | E79: 404 | G79: Nothing to do. These should just 404. | J79: =IF(H79="",E79,H79) -> 404 | K79: =IF(J79="410","",IF(J79="404","",IF(I79<>"",I79,F79))) | N79: 16 Oct 2026
A80: 79 | B80: Site-wide rule | C80: http:// and www. | D80: Protocol and host | E80: 301 | F80: https://anthonyis.uk/ | G80: Every variant goes to https, no www, in one hop. | J80: =IF(H80="",E80,H80) -> 301 | K80: =IF(J80="410","",IF(J80="404","",IF(I80<>"",I80,F80))) -> https://anthonyis.uk/ | N80: 16 Oct 2026
A81: 80 | B81: Site-wide rule | C81: Missing trailing slash | D81: e.g. /about | E81: 301 | F81: Same path with trailing slash | G81: Match WordPress: trailing slash on every page. | J81: =IF(H81="",E81,H81) -> 301 | K81: =IF(J81="410","",IF(J81="404","",IF(I81<>"",I81,F81))) -> Same path with trailing slash | N81: 16 Oct 2026
A82: 81 | B82: Article archive | C82: /articles/author/admin/ | D82: WordPress author archive (the real path, under /articles/) | E82: 301 | F82: /about/ | G82: Found in the articles migration. Covers the /author/* pattern row with the exact path WordPress uses. One hop to About. | J82: =IF(H82="",E82,H82) -> 301 | K82: =IF(J82="410","",IF(J82="404","",IF(I82<>"",I82,F82))) -> /about/ | N82: 23 Oct 2026
A83: 82 | B83: Article archive | C83: /articles/category/tips/ | D83: Old blog category | E83: 301 | F83: /articles/ | G83: WordPress category page. The new site has no category pages: topics are filters on /articles/. | J83: =IF(H83="",E83,H83) -> 301 | K83: =IF(J83="410","",IF(J83="404","",IF(I83<>"",I83,F83))) -> /articles/ | N83: 23 Oct 2026
A84: 83 | B84: Article archive | C84: /articles/category/resources/ | D84: Old blog category | E84: 301 | F84: /articles/ | G84: As above. | J84: =IF(H84="",E84,H84) -> 301 | K84: =IF(J84="410","",IF(J84="404","",IF(I84<>"",I84,F84))) -> /articles/ | N84: 23 Oct 2026
A85: 84 | B85: Article archive | C85: /articles/category/ux-ui/ | D85: Old blog category | E85: 301 | F85: /articles/ | G85: As above. | J85: =IF(H85="",E85,H85) -> 301 | K85: =IF(J85="410","",IF(J85="404","",IF(I85<>"",I85,F85))) -> /articles/ | N85: 23 Oct 2026
A86: 85 | B86: Article | C86: /articles/25-biggest-brands-on-shopify-2025/ | D86: Earlier slug of 25 Biggest Brands | E86: 301 | F86: /articles/25-biggest-brands-using-shopify-in-2025/ | G86: Still showing in Search Console (1 impression, last 90 days). One hop to the live article. | J86: =IF(H86="",E86,H86) -> 301 | K86: =IF(J86="410","",IF(J86="404","",IF(I86<>"",I86,F86))) -> /articles/25-biggest-brands-using-shopify-in-2025/ | N86: 23 Oct 2026
A87: 86 | B87: Article | C87: /articles/voice-search-optimisation-for-shopify-stores-a-complete-2025-guide/ | D87: Voice search: drop '2025' from the slug | E87: Decide | F87: /articles/voice-search-optimisation-for-shopify-stores/ | G87: Proposal from the Articles strategy doc: a 2025 URL on a 2026 article looks stale. Needs your yes. If no, the row above for this article stays Keep. New URL is a placeholder. | J87: =IF(H87="",E87,H87) -> Decide | K87: =IF(J87="410","",IF(J87="404","",IF(I87<>"",I87,F87))) -> /articles/voice-search-optimisation-for-shopify-stores/ | N87: 23 Oct 2026
A88: 87 | B88: Article | C88: /articles/shopify-collabs-in-2025-harnessing-the-creator-economy-for-growth/ | D88: Shopify Collabs: drop '2025' from the slug | E88: Decide | F88: /articles/shopify-collabs-creator-marketing/ | G88: Same proposal. New URL is a placeholder. | J88: =IF(H88="",E88,H88) -> Decide | K88: =IF(J88="410","",IF(J88="404","",IF(I88<>"",I88,F88))) -> /articles/shopify-collabs-creator-marketing/ | N88: 23 Oct 2026
A89: 88 | B89: Article | C89: /articles/why-off-the-shelf-shopify-themes-hold-stores-back-in-2025/ | D89: Off-the-shelf themes: drop '2025' from the slug | E89: Decide | F89: /articles/why-off-the-shelf-shopify-themes-hold-stores-back/ | G89: Same proposal. New URL is a placeholder. | J89: =IF(H89="",E89,H89) -> Decide | K89: =IF(J89="410","",IF(J89="404","",IF(I89<>"",I89,F89))) -> /articles/why-off-the-shelf-shopify-themes-hold-stores-back/ | N89: 23 Oct 2026
A90: 89 | B90: Article | C90: /articles/what-dtc-brands-should-look-for-shopify-designer/ | D90: Merge into the hiring article | E90: Decide | F90: /articles/what-to-look-for-hiring-shopify-designer/ | G90: Proposal from the Articles strategy doc: the two articles compete for the same query. It's in the Review tier, so it's decided on the data after launch. Leave as Keep until then. | J90: =IF(H90="",E90,H90) -> Decide | K90: =IF(J90="410","",IF(J90="404","",IF(I90<>"",I90,F90))) -> /articles/what-to-look-for-hiring-shopify-designer/ | N90: 23 Oct 2026
A91: 90 | B91: Article media | C91: /wp-content/uploads/... (article images and recordings) | D91: 70 images and 17 screen recordings used in the articles | E91: Decide | F91: New site's own image and video paths | G91: All now served by the new site (images optimised, recordings in /video/articles/). The old /wp-content/uploads/ files only need a redirect if they have backlinks or Google Images traffic: follows the /wp-content/uploads/* row. | J91: =IF(H91="",E91,H91) -> Decide | K91: =IF(J91="410","",IF(J91="404","",IF(I91<>"",I91,F91))) -> New site's own image and video paths | N91: 23 Oct 2026

Sheet Changes
A1: Date | B1: Change
A2: 16 Oct 2026 | B2: Map created from the live sitemaps: 80 rows.
A3: 23 Oct 2026 | B3: Moved to Google Drive as the one live copy. Added an Added column.
A4: 23 Oct 2026 | B4: Added rows 81 to 90 from the articles migration: the exact WordPress author and category paths, the old 25 Biggest Brands slug, the three '2025' slug proposals and the DTC article merge (both Decide), and the article images and recordings.
A5: 23 Oct 2026 | B5: Row 9 (DTC brands page): noted the five articles that link to it.
A6: 23 Oct 2026 | B6: Row 25 (25 Biggest Brands): keeps its 2025 slug at launch, per the Articles strategy doc.
A7: 23 Oct 2026 | B7: Row 69 (articles pagination): Decide to Keep, since the new articles page uses the same page 2 address.
